{"cameraMode":{"drawMode":0,"name":"Shaded","section":"Shading Mode"},"sceneLighting":false,"audioPlay":false,"sceneViewState":{"showFog":true,"showMaterialUpdate":false,"showSkybox":false,"showFlares":true,"showImageEffects":true,"showParticleSystems":true},"in2DMode":false,"pivot":{"x":-7.400000095367432,"y":4.283999919891357,"z":4.639999866485596},"rotation":{"x":-0.08227574825286865,"y":0.7693623900413513,"z":-0.10122144967317581,"w":-0.6253530383110046},"size":3.235422134399414,"orthographic":false}