{"cameraMode":{"drawMode":0,"name":"Shaded","section":"Shading Mode"},"sceneLighting":true,"audioPlay":false,"sceneViewState":{"showFog":true,"showMaterialUpdate":false,"showSkybox":true,"showFlares":true,"showImageEffects":true,"showParticleSystems":true},"in2DMode":false,"pivot":{"x":0.2011517882347107,"y":5.574602127075195,"z":1.376327395439148},"rotation":{"x":0.03725705295801163,"y":0.9521793723106384,"z":-0.12933097779750825,"w":0.27429914474487307},"size":2.285337209701538,"orthographic":false}